molecule_chembl_id,canonical_smiles,bioactivity_class,standard_value
CHEMBL187579,Cc1noc(C)c1CN1C(=O)C(=O)c2cc(C#N)ccc21,inactive,7200.0
CHEMBL188487,O=C1C(=O)N(Cc2ccc(F)cc2Cl)c2ccc(I)cc21,inactive,9400.0
CHEMBL185698,O=C1C(=O)N(CC2COc3ccccc3O2)c2ccc(I)cc21,active,13500.0
CHEMBL426082,O=C1C(=O)N(Cc2cc3ccccc3s2)c2ccccc21,active,13110.0
CHEMBL187717,O=C1C(=O)N(Cc2cc3ccccc3s2)c2c1cccc2[N+](=O)[O-],inactive,2000.0
CHEMBL365134,O=C1C(=O)N(Cc2cc3ccccc3s2)c2c(Br)cccc21,inactive,980.0
CHEMBL187598,O=C1C(=O)N(Cc2cc3ccccc3s2)c2ccc(F)cc21,inactive,4820.0
CHEMBL190743,O=C1C(=O)N(Cc2cc3ccccc3s2)c2ccc(I)cc21,inactive,950.0
CHEMBL365469,O=C1C(=O)N(Cc2cc3ccccc3s2)c2cccc(Cl)c21,inactive,11200.0
CHEMBL188983,O=C1C(=O)N(C/C=C/c2cc3ccccc3s2)c2ccc(I)cc21,inactive,23500.0
CHEMBL191575,O=C(Nc1ccc(Cl)cc1)c1ccc(CN2C(=O)C(=O)c3cc(I)ccc32)s1,inactive,12570.0
CHEMBL370923,O=C1C(=O)N(Cc2ccc(C(=O)N3CCCCC3)s2)c2ccc(I)cc21,active,17500.0
CHEMBL194398,CCOC(=O)/C=C/[C@H](C[C@@H]1CCNC1=O)NC(=O)[C@@H](CC(=O)[C@@H](NC(=O)c1cc(C)on1)C(C)C)Cc1ccccc1,inactive,45000.0
CHEMBL196635,CCOC(=O)/C=C/[C@H](C[C@@H]1CCNC1=O)NC(=O)[C@H](CC=C(C)C)CC(=O)[C@@H](NC(=O)c1cc(C)on1)C(C)C,inactive,70000.0
CHEMBL209287,CCCCN1C(=O)C(=O)c2cc(I)ccc21,inactive,66000.0
CHEMBL358279,NC(=O)c1ccc2c(c1)C(=O)C(=O)N2Cc1ccc2ccccc2c1,inactive,370.0
CHEMBL348660,NC(=O)c1ccc2c(c1)C(=O)C(=O)N2Cc1ccccc1,inactive,12500.0
CHEMBL379727,CCCCN1C(=O)C(=O)c2cc(C(N)=O)ccc21,inactive,19000.0
CHEMBL210525,CCCN1C(=O)C(=O)c2cc(C(N)=O)ccc21,inactive,25000.0
CHEMBL148483,CN1C(=O)C(=O)c2cc(C(N)=O)ccc21,inactive,71000.0
CHEMBL383725,O=C1C(=O)N(Cc2ccc3ccccc3c2)c2ccc(I)cc21,inactive,1100.0
CHEMBL118596,O=C1C(=O)N(Cc2ccccc2)c2ccc(I)cc21,inactive,50000.0
CHEMBL208732,O=C(CSc1nccc(-c2csc(-c3ccccc3)n2)n1)Nc1cc(Cl)cc(Cl)c1,inactive,3019.95
CHEMBL208732,O=C(CSc1nccc(-c2csc(-c3ccccc3)n2)n1)Nc1cc(Cl)cc(Cl)c1,inactive,3000.0
CHEMBL210146,COc1cccc(-c2nc(SCC(=O)Nc3ccc([N+](=O)[O-])cc3)nc(O)c2C#N)c1,inactive,301995.17
CHEMBL210146,COc1cccc(-c2nc(SCC(=O)Nc3ccc([N+](=O)[O-])cc3)nc(O)c2C#N)c1,inactive,300000.0
CHEMBL207458,CCOC(=O)c1cnc(SCC(=O)Nc2ccc([N+](=O)[O-])cc2)nc1N,inactive,251188.64
CHEMBL207458,CCOC(=O)c1cnc(SCC(=O)Nc2ccc([N+](=O)[O-])cc2)nc1N,inactive,250000.0
CHEMBL207484,COC(OC)c1cc(O)nc(SCC(=O)Nc2ccc(C(F)(F)F)cc2)n1,inactive,204173.79
CHEMBL207484,COC(OC)c1cc(O)nc(SCC(=O)Nc2ccc(C(F)(F)F)cc2)n1,inactive,200000.0
CHEMBL207207,Cc1cc(O)nc(SCC(=O)Nc2cc(Cl)ccc2Oc2ccccc2)n1,inactive,100000.0
CHEMBL207207,Cc1cc(O)nc(SCC(=O)Nc2cc(Cl)ccc2Oc2ccccc2)n1,inactive,100000.0
CHEMBL210487,CCC(Sc1nc(O)c(C#N)c(-c2cccc(OC)c2)n1)C(=O)Nc1ccc(C(C)=O)cc1,inactive,60255.96
CHEMBL210487,CCC(Sc1nc(O)c(C#N)c(-c2cccc(OC)c2)n1)C(=O)Nc1ccc(C(C)=O)cc1,inactive,60000.0
CHEMBL380470,COc1ccc(NC(=O)CSc2nc(O)cc(-c3ccccc3)n2)cc1OC,inactive,45708.82
CHEMBL380470,COc1ccc(NC(=O)CSc2nc(O)cc(-c3ccccc3)n2)cc1OC,inactive,45000.0
CHEMBL210612,CC(C)c1ccc(NC(=O)CSc2nccc(-c3cccs3)n2)cc1,inactive,40738.03
CHEMBL210612,CC(C)c1ccc(NC(=O)CSc2nccc(-c3cccs3)n2)cc1,inactive,40000.0
CHEMBL209667,O=C(CSc1nccc(-c2cc(-c3ccccc3Cl)no2)n1)Nc1ccc(Cl)cc1,inactive,15135.61
CHEMBL209667,O=C(CSc1nccc(-c2cc(-c3ccccc3Cl)no2)n1)Nc1ccc(Cl)cc1,inactive,15000.0
CHEMBL210097,O=C(CSc1nccc(-c2cc(-c3ccc(Cl)cc3Cl)no2)n1)Nc1ccc(C(F)(F)F)cc1,inactive,15135.61
CHEMBL210097,O=C(CSc1nccc(-c2cc(-c3ccc(Cl)cc3Cl)no2)n1)Nc1ccc(C(F)(F)F)cc1,inactive,15000.0
CHEMBL378674,CSc1sc(-c2nc(C)cs2)c(C)c1-c1ccnc(SCC(=O)Nc2ccccc2Cl)n1,inactive,12022.64
CHEMBL378674,CSc1sc(-c2nc(C)cs2)c(C)c1-c1ccnc(SCC(=O)Nc2ccccc2Cl)n1,inactive,12000.0
CHEMBL210216,Cc1nc(SCC(=O)Nc2ccc([N+](=O)[O-])cc2)nc(O)c1C,inactive,1000000.0
CHEMBL210216,Cc1nc(SCC(=O)Nc2ccc([N+](=O)[O-])cc2)nc(O)c1C,inactive,1000000.0
CHEMBL210195,Cc1cc(C(F)(F)F)nc(SCC(=O)Nc2ccc(Cl)cc2F)n1,inactive,501187.23
CHEMBL210195,Cc1cc(C(F)(F)F)nc(SCC(=O)Nc2ccc(Cl)cc2F)n1,inactive,500000.0
CHEMBL210437,COc1ccc(-c2ccnc(SCC(=O)Nc3ccc(C(C)C)cc3)n2)cc1,inactive,407380.28
CHEMBL210437,COc1ccc(-c2ccnc(SCC(=O)Nc3ccc(C(C)C)cc3)n2)cc1,inactive,400000.0
CHEMBL378677,CC(C)(C)c1ccc(NC(=O)CSc2nc(O)c(C#N)c(C3CCCCC3)n2)cc1,inactive,354813.39
CHEMBL378677,CC(C)(C)c1ccc(NC(=O)CSc2nc(O)c(C#N)c(C3CCCCC3)n2)cc1,inactive,350000.0
CHEMBL210972,CC(Sc1nc(O)c(C#N)c(-c2ccccc2)n1)C(=O)Nc1ccc(Cl)cc1,inactive,301995.17
CHEMBL210972,CC(Sc1nc(O)c(C#N)c(-c2ccccc2)n1)C(=O)Nc1ccc(Cl)cc1,inactive,300000.0
CHEMBL210145,CCOc1ccc(N2C(=O)CC(Sc3nc(C)cc(C)n3)C2=O)cc1,inactive,301995.17
CHEMBL210145,CCOc1ccc(N2C(=O)CC(Sc3nc(C)cc(C)n3)C2=O)cc1,inactive,300000.0
CHEMBL377225,N#Cc1c(O)nc(SCC(=O)Nc2cccc(C(F)(F)F)c2)nc1-c1ccccc1,inactive,204173.79
CHEMBL377225,N#Cc1c(O)nc(SCC(=O)Nc2cccc(C(F)(F)F)c2)nc1-c1ccccc1,inactive,200000.0
CHEMBL210823,CCCCc1ccc(NC(=O)CSc2nc(O)c(C#N)c(C3CCCCC3)n2)c(C)c1,inactive,204173.79
CHEMBL210823,CCCCc1ccc(NC(=O)CSc2nc(O)c(C#N)c(C3CCCCC3)n2)c(C)c1,inactive,200000.0
CHEMBL207381,CC(C)c1ccc(NC(=O)CSc2nccc(-c3csc(COc4ccccc4Cl)n3)n2)cc1,inactive,204173.79
CHEMBL207381,CC(C)c1ccc(NC(=O)CSc2nccc(-c3csc(COc4ccccc4Cl)n3)n2)cc1,inactive,200000.0
CHEMBL210511,Cc1cc(O)nc(SCC(=O)Nc2ccc(Oc3ccc(Cl)cc3)cc2)n1,inactive,204173.79
CHEMBL210511,Cc1cc(O)nc(SCC(=O)Nc2ccc(Oc3ccc(Cl)cc3)cc2)n1,inactive,200000.0
CHEMBL210632,COc1cccc(-c2nc(SCC(=O)Nc3ccc(C(C)=O)cc3)nc(O)c2C#N)c1,inactive,60255.96
CHEMBL210632,COc1cccc(-c2nc(SCC(=O)Nc3ccc(C(C)=O)cc3)nc(O)c2C#N)c1,inactive,60000.0
CHEMBL210497,COc1cccc(-c2nc(SCC(=O)Nc3ccc(S(N)(=O)=O)cc3)nc(O)c2C#N)c1,inactive,40738.03
CHEMBL210497,COc1cccc(-c2nc(SCC(=O)Nc3ccc(S(N)(=O)=O)cc3)nc(O)c2C#N)c1,inactive,40000.0
CHEMBL208584,CCCc1cc(O)nc(SCC(=O)Nc2ccc(Cl)cc2)n1,inactive,30199.52
CHEMBL208584,CCCc1cc(O)nc(SCC(=O)Nc2ccc(Cl)cc2)n1,inactive,30000.0
CHEMBL208763,O=C(CSc1nccc(-c2cc(-c3ccccc3)no2)n1)Nc1ccc(Cl)cc1,inactive,15135.61
CHEMBL208763,O=C(CSc1nccc(-c2cc(-c3ccccc3)no2)n1)Nc1ccc(Cl)cc1,active,15000.0
CHEMBL209227,Cc1nc(-c2nc(-c3ccnc(SCC(=O)Nc4ccc(Cl)cc4)n3)cs2)cs1,inactive,14125.38
CHEMBL209227,Cc1nc(-c2nc(-c3ccnc(SCC(=O)Nc4ccc(Cl)cc4)n3)cs2)cs1,inactive,14000.0
CHEMBL210092,CSc1sc(-c2nc(C)cs2)c(C)c1-c1ccnc(SCC(=O)Nc2ccc(Cl)cc2)n1,inactive,11220.18
CHEMBL210092,CSc1sc(-c2nc(C)cs2)c(C)c1-c1ccnc(SCC(=O)Nc2ccc(Cl)cc2)n1,inactive,11000.0
CHEMBL377150,Cn1nc(-c2ccc(-c3ccnc(SCC(=O)Nc4ccc(Cl)cc4)n3)s2)cc1C(F)(F)F,inactive,10000.0
CHEMBL377150,Cn1nc(-c2ccc(-c3ccnc(SCC(=O)Nc4ccc(Cl)cc4)n3)s2)cc1C(F)(F)F,inactive,10000.0
CHEMBL212454,O=C(Oc1ccc(S(=O)(=O)c2ccc(OC(=O)C(Cl)=C(Cl)Cl)cc2)cc1)C(Cl)=C(Cl)Cl,inactive,900.0
CHEMBL213581,Nc1ncc(S(=O)(=O)c2ccc(Cl)cc2)c(N)n1,inactive,6000.0
CHEMBL380403,O=[N+]([O-])c1cc(C(F)(F)F)ccc1S(=O)(=O)c1ccc(Cl)cc1,inactive,12000.0
CHEMBL212504,Cc1nc(S(=O)(=O)c2ccccc2)c(C#N)c(C)c1[N+](=O)[O-],inactive,13000.0
CHEMBL211969,Cc1ccc(S(=O)(=O)c2nc(C)c([N+](=O)[O-])c(C)c2C#N)cc1,inactive,13000.0
CHEMBL384739,O=[N+]([O-])c1ccc(S(=O)(=O)c2ccc(Cl)cc2)[n+]([O-])c1,inactive,15000.0
CHEMBL215732,CCOC(=O)/C(C#N)=C/Nc1ccc(S(=O)(=O)c2ccc(/N=C/C(C#N)=C(\O)OCC)cc2)cc1,inactive,16000.0
CHEMBL212240,O=C(O)c1ccc(S(=O)(=O)c2cc(Br)c(O)c(Br)c2)cc1,inactive,16000.0
CHEMBL377253,CC(=O)c1ccccc1S(=O)(=O)c1ccccc1C(=O)O,inactive,16000.0
CHEMBL215397,O=[N+]([O-])c1ccc(S(=O)(=O)c2ccc([N+](=O)[O-])cc2)cc1,inactive,25000.0
CHEMBL378342,CCOC(=O)C(=CNc1ccc(S(=O)(=O)c2ccc(/N=C/C(C(=O)OCC)=C(\O)OCC)cc2)cc1)C(=O)OCC,active,32000.0
CHEMBL379642,O=C(Sc1nnc(C(F)(F)F)[nH]1)c1ccc(C#Cc2ccccc2)o1,active,3000.0
CHEMBL427404,Cc1noc(NC(=O)c2ccc(-c3cc(C(F)(F)F)nn3C)s2)c1[N+](=O)[O-],active,5000.0
CHEMBL212190,Cc1oc(C(C)(C)C)cc1-c1cc(NS(=O)(=O)c2cccs2)[nH]n1,active,10000.0
CHEMBL378700,CSc1[nH]nc(NC(=O)c2cccs2)c1S(=O)(=O)c1ccccc1,active,15000.0
CHEMBL212019,CC1(C)CC(=O)c2c(NCc3ccco3)sc(C#N)c2C1,active,16000.0
CHEMBL212399,CSc1nn(-c2c([N+](=O)[O-])c(C)nn2C)c(-c2cccs2)c1C#N,active,18000.0
CHEMBL215733,O=S(=O)(Cc1[nH]c(-c2ccc(Cl)s2)c[s+]1)c1cccs1.[Br-],active,18000.0
CHEMBL375130,Cc1nn(C)c(NCc2ccc(-c3cccs3)s2)c1[N+](=O)[O-],active,20000.0
CHEMBL214372,O=C(Cc1nccs1)c1nccs1,inactive,40000.0
CHEMBL212218,Cc1cc(S(=O)(=O)c2c([N+](=O)[O-])cc(C(F)(F)F)cc2[N+](=O)[O-])c(Cl)cc1Cl,inactive,300.0
CHEMBL222840,O=C(Oc1cncc(Cl)c1)c1ccco1,inactive,60.0
CHEMBL222769,O=C(Oc1cncc(Cl)c1)c1ccc(-c2ccc(Cl)cc2)o1,inactive,63.0
CHEMBL222735,COc1cccc(C(=O)Oc2cncc(Cl)c2)c1,inactive,340.0
CHEMBL222628,O=C(Oc1cncc(Cl)c1)c1cscn1,inactive,270.0
CHEMBL222893,O=C(Oc1cncc(Cl)c1)c1cc2ccccc2s1,inactive,95.0
CHEMBL225515,O=C(Oc1cncc(Cl)c1)c1cc2ccccc2[nH]1,inactive,65.0
CHEMBL222234,O=C(Oc1cncc(Br)c1)c1ccco1,inactive,50.0
CHEMBL426898,O=C(Oc1cncc(Cl)c1)c1cc2ccccc2o1,inactive,170.0
CHEMBL269277,C=C(C)[C@@H]1CC[C@]2(C(=O)O)CC[C@]3(C)[C@H](CC[C@@H]4[C@@]5(C)CC[C@H](O)C(C)(C)[C@@H]5CC[C@]43C)[C@@H]12,inactive,10000.0
CHEMBL1448,O=C(Nc1ccc([N+](=O)[O-])cc1Cl)c1cc(Cl)ccc1O,inactive,40000.0
CHEMBL140,COc1cc(/C=C/C(=O)CC(=O)/C=C/c2ccc(O)c(OC)c2)ccc1O,inactive,40000.0
CHEMBL395263,O=C1OC[C@H](Cc2ccc3c(c2)OCO3)/C1=C\c1ccc2c(c1)OCO2,inactive,25000.0
CHEMBL242011,O=C1OC[C@H](Cc2ccc3c(c2)OCO3)[C@H]1Cc1ccc2c(c1)OCO2,inactive,100000.0
CHEMBL431525,C=C(C)[C@@H]1CC[C@]2(C(=O)O)CC[C@]3(C)[C@H](CC[C@@H]4[C@@]5(C)CCC(=O)C(C)(C)[C@@H]5CC[C@]43C)[C@@H]12,active,100000.0
CHEMBL258787,CC(C)C[C@H](NC(=O)OCc1ccccc1)C(=O)NC(Cc1ccccc1)C(=O)C(F)(F)F,inactive,15000.0
CHEMBL2372143,CC(C)C[C@H](NC(=O)[C@@H](NC(=O)[C@H](C)NC(=O)OCc1ccccc1)C(C)C)C(=O)N[C@@H](Cc1ccccc1)C(=O)C(F)(F)F,inactive,10000.0
CHEMBL259622,CCCCCCCCC(=O)N[C@@H](CC(C)C)C(=O)NC(Cc1ccccc1)C(=O)C(F)(F)F,active,50000.0
CHEMBL261189,CCCCCCCCCC(=O)N[C@@H](CC(C)C)C(=O)NC(Cc1ccccc1)C(=O)C(F)(F)F,active,50000.0
CHEMBL265704,C[C@H](NC(=O)[C@@H](N)CCC(=O)O)C(=O)NCC(=O)C(F)(F)F,inactive,50000.0
CHEMBL261402,C[C@H](NC(=O)[C@H](CCC(=O)OC(C)(C)C)NC(=O)OC(C)(C)C)C(=O)NCC(=O)C(F)(F)F,inactive,40000.0
CHEMBL258581,CC(C)C[C@H](NC(=O)OC(C)(C)C)C(=O)NC(C)C(=O)C(F)(F)F,inactive,40000.0
CHEMBL409422,O=C(N[C@@H](Cc1ccccc1)C(=O)NC(Cc1ccccc1)C(=O)C(F)(F)F)OCc1ccccc1,inactive,20000.0
CHEMBL2372143,CC(C)C[C@H](NC(=O)[C@@H](NC(=O)[C@H](C)NC(=O)OCc1ccccc1)C(C)C)C(=O)N[C@@H](Cc1ccccc1)C(=O)C(F)(F)F,inactive,10000.0
CHEMBL2372143,CC(C)C[C@H](NC(=O)[C@@H](NC(=O)[C@H](C)NC(=O)OCc1ccccc1)C(C)C)C(=O)N[C@@H](Cc1ccccc1)C(=O)C(F)(F)F,inactive,7000.0
CHEMBL2372143,CC(C)C[C@H](NC(=O)[C@@H](NC(=O)[C@H](C)NC(=O)OCc1ccccc1)C(C)C)C(=O)N[C@@H](Cc1ccccc1)C(=O)C(F)(F)F,inactive,4000.0
CHEMBL2372143,CC(C)C[C@H](NC(=O)[C@@H](NC(=O)[C@H](C)NC(=O)OCc1ccccc1)C(C)C)C(=O)N[C@@H](Cc1ccccc1)C(=O)C(F)(F)F,inactive,2000.0
CHEMBL2372143,CC(C)C[C@H](NC(=O)[C@@H](NC(=O)[C@H](C)NC(=O)OCc1ccccc1)C(C)C)C(=O)N[C@@H](Cc1ccccc1)C(=O)C(F)(F)F,inactive,800.0
CHEMBL523052,O=C(CSc1nc(C2CCCCC2)nc2ccccc12)NCc1ccco1,inactive,18200.0
CHEMBL495231,Cc1cc2cc(CN(CCc3ccccc3C)C(=O)NCc3ccccc3)c(=O)[nH]c2cc1C,inactive,17200.0
CHEMBL468553,O=C(Oc1cncc(Cl)c1)c1cccs1,inactive,500.0
CHEMBL222234,O=C(Oc1cncc(Br)c1)c1ccco1,inactive,50.0
CHEMBL1082811,N#Cc1c(-c2ccccc2)nc(SCc2ccccc2)[nH]c1=O,inactive,50000.0
CHEMBL1082812,N#Cc1c(-c2ccccc2)nc(SCCc2ccccc2)[nH]c1=O,inactive,50000.0
CHEMBL1083123,N#Cc1c(-c2ccccc2)nc(SCc2ccc([N+](=O)[O-])cc2)[nH]c1=O,inactive,35200.0
CHEMBL1083124,COc1ccc(-c2nc(SCc3ccccc3)[nH]c(=O)c2C#N)cc1,inactive,50000.0
CHEMBL1082714,COc1ccc(-c2nc(SCCc3ccccc3)[nH]c(=O)c2C#N)cc1,inactive,20300.0
CHEMBL1082715,COc1ccc(-c2nc(SCc3ccc([N+](=O)[O-])cc3)[nH]c(=O)c2C#N)cc1,inactive,26300.0
CHEMBL327313,Cc1ccc(-c2nc(SCc3ccccc3)[nH]c(=O)c2C#N)cc1,inactive,50000.0
CHEMBL1083958,Cc1ccc(-c2nc(SCCc3ccccc3)[nH]c(=O)c2C#N)cc1,inactive,50000.0
CHEMBL1083959,Cc1ccc(-c2nc(SCc3ccc([N+](=O)[O-])cc3)[nH]c(=O)c2C#N)cc1,active,50000.0
CHEMBL1083286,N#Cc1c(-c2cccc([N+](=O)[O-])c2)nc(SCCc2ccccc2)[nH]c1=O,inactive,50000.0
CHEMBL1082332,N#Cc1c(-c2cccc([N+](=O)[O-])c2)nc(SCc2ccc([N+](=O)[O-])cc2)[nH]c1=O,inactive,10600.0
CHEMBL1086234,N#Cc1c(-c2ccc(Cl)cc2)nc(SCCc2ccccc2)[nH]c1=O,inactive,16900.0
CHEMBL1082333,N#Cc1c(-c2ccc(Cl)cc2)nc(SCc2ccc([N+](=O)[O-])cc2)[nH]c1=O,active,6100.0
CHEMBL1082334,N#Cc1c(-c2cccc(Cl)c2)nc(SCc2ccccc2)[nH]c1=O,inactive,50000.0
CHEMBL1084478,COc1ccccc1/N=C/c1nc(-c2ccccc2)oc1OC(C)=O,inactive,3300.0
CHEMBL1084479,COc1cc(C[S+]([O-])c2nc3cccnc3s2)oc(=O)c1,inactive,7200.0
CHEMBL1084480,Clc1ccc(C2C(n3ccnc3)C(c3ccc(Br)cc3)=NN2c2ccc(Cl)c(Cl)c2)cc1,inactive,2500.0
CHEMBL1084481,COc1c(Sc2nnnn2-c2ccc(OCc3ccccc3)cc2)c(=O)[nH]c2ccccc12,inactive,2000.0
CHEMBL187266,Cc1coc2c1C(=O)C(=O)c1c-2ccc2c1CCCC2(C)C,inactive,89100.0
CHEMBL215254,Cc1coc2c1C(=O)C(=O)c1c-2ccc2c1CCCC2(C)CO,inactive,24800.0
CHEMBL2146517,COC(=O)[C@@]1(C)CCCc2c1ccc1c2C(=O)C(=O)c2c(C)coc2-1,inactive,21100.0
CHEMBL187460,C[C@H]1COC2=C1C(=O)C(=O)c1c2ccc2c1CCCC2(C)C,active,226700.0
CHEMBL363535,Cc1coc2c1C(=O)C(=O)c1c-2ccc2c(C)cccc12,active,38700.0
CHEMBL227075,Cc1cccc2c3c(ccc12)C1=C(C(=O)C3=O)[C@@H](C)CO1,inactive,14400.0
CHEMBL45830,CC(C)C1=Cc2ccc3c(c2C(=O)C1=O)CCCC3(C)C,active,21100.0
CHEMBL187266,Cc1coc2c1C(=O)C(=O)c1c-2ccc2c1CCCC2(C)C,inactive,1600.0
CHEMBL215254,Cc1coc2c1C(=O)C(=O)c1c-2ccc2c1CCCC2(C)CO,inactive,10700.0
CHEMBL2146517,COC(=O)[C@@]1(C)CCCc2c1ccc1c2C(=O)C(=O)c2c(C)coc2-1,inactive,9200.0
CHEMBL187460,C[C@H]1COC2=C1C(=O)C(=O)c1c2ccc2c1CCCC2(C)C,inactive,800.0
CHEMBL363535,Cc1coc2c1C(=O)C(=O)c1c-2ccc2c(C)cccc12,inactive,8800.0
CHEMBL227075,Cc1cccc2c3c(ccc12)C1=C(C(=O)C3=O)[C@@H](C)CO1,inactive,4900.0
CHEMBL45830,CC(C)C1=Cc2ccc3c(c2C(=O)C1=O)CCCC3(C)C,inactive,30000.0
CHEMBL215254,Cc1coc2c1C(=O)C(=O)c1c-2ccc2c1CCCC2(C)CO,active,52000.0
CHEMBL187460,C[C@H]1COC2=C1C(=O)C(=O)c1c2ccc2c1CCCC2(C)C,inactive,87600.0
CHEMBL363535,Cc1coc2c1C(=O)C(=O)c1c-2ccc2c(C)cccc12,inactive,700.0
CHEMBL227075,Cc1cccc2c3c(ccc12)C1=C(C(=O)C3=O)[C@@H](C)CO1,inactive,1200.0
CHEMBL45830,CC(C)C1=Cc2ccc3c(c2C(=O)C1=O)CCCC3(C)C,inactive,60200.0
CHEMBL187266,Cc1coc2c1C(=O)C(=O)c1c-2ccc2c1CCCC2(C)C,inactive,17100.0
CHEMBL215254,Cc1coc2c1C(=O)C(=O)c1c-2ccc2c1CCCC2(C)CO,inactive,18000.0
CHEMBL2146517,COC(=O)[C@@]1(C)CCCc2c1ccc1c2C(=O)C(=O)c2c(C)coc2-1,inactive,10600.0
CHEMBL187460,C[C@H]1COC2=C1C(=O)C(=O)c1c2ccc2c1CCCC2(C)C,inactive,10100.0
CHEMBL363535,Cc1coc2c1C(=O)C(=O)c1c-2ccc2c(C)cccc12,active,11500.0
CHEMBL227075,Cc1cccc2c3c(ccc12)C1=C(C(=O)C3=O)[C@@H](C)CO1,active,10700.0
CHEMBL45830,CC(C)C1=Cc2ccc3c(c2C(=O)C1=O)CCCC3(C)C,inactive,78900.0
CHEMBL18786,CN(C)CCCSc1ccccc1NC(=O)/C=C/c1ccccc1,inactive,5000.0
CHEMBL2311740,CC(C)(C)NC(=O)[C@@H](c1cccnc1)N(C(=O)c1ccco1)c1ccc(C(C)(C)C)cc1,active,1500.0
CHEMBL2311736,CC(C)(C)NC(=O)C(c1cc[nH]n1)N(C(=O)c1ccco1)c1ccc(C(C)(C)C)cc1,active,300.0
CHEMBL2311734,CC(C)(C)NC(=O)C(c1ccccn1)N(C(=O)c1ccco1)c1ccc(C(C)(C)C)cc1,active,300.0
CHEMBL2311733,CC(C)(C)NC(=O)C(c1ccncc1)N(C(=O)c1ccco1)c1ccc(C(C)(C)C)cc1,inactive,45000.0
CHEMBL2311732,Cc1ccc(C(C(=O)NC(C)(C)C)N(C(=O)c2ccco2)c2ccc(C(C)(C)C)cc2)cn1,inactive,300.0
CHEMBL2311731,CC(C)(C)NC(=O)C(c1cnccn1)N(C(=O)c1ccco1)c1ccc(C(C)(C)C)cc1,inactive,5500.0
CHEMBL2311730,CC(C)(C)NC(=O)C(c1ccnnc1)N(C(=O)c1ccco1)c1ccc(C(C)(C)C)cc1,inactive,10000.0
CHEMBL2311729,Cn1cnc(C(=O)N(c2ccc(C(C)(C)C)cc2)C(C(=O)NC(C)(C)C)c2cccnc2)c1,inactive,75000.0
CHEMBL2311727,CC(C)(C)NC(=O)C(c1cccnc1)N(C(=O)c1ccc(Cl)o1)c1ccc(C(C)(C)C)cc1,inactive,5200.0
CHEMBL2311726,CC(C)(C)NC(=O)C(c1cccnc1)N(C(=O)c1ncco1)c1ccc(C(C)(C)C)cc1,inactive,47000.0
CHEMBL2311709,CC(C)(C)NC(=O)C(c1cccnc1)N(C(=O)C1=NC=NC1)c1ccc(C(C)(C)C)cc1,inactive,6000.0
CHEMBL2311705,CC(C)(C)NC(=O)C(c1cccnc1)N(C(=O)c1cccs1)c1ccc(C(C)(C)C)cc1,inactive,50000.0
CHEMBL2311700,CC(C)(C)NC(=O)C(c1cccnc1)N(C(=O)c1cnco1)c1ccc(C(C)(C)C)cc1,active,39000.0
CHEMBL2311695,CC(C)c1ccc(N(C(=O)c2ccco2)C(C(=O)NC(C)(C)C)c2cccnc2)cc1,inactive,28100.0
CHEMBL2311694,CC(C)(C)NC(=O)C(c1cccnc1)N(C(=O)c1ccco1)c1ccc(C(C)(C)C)cc1,inactive,4800.0
CHEMBL1405735,CCC(C)c1ccc(N(C(=O)c2ccco2)C(C(=O)NC2CCCC2)c2cccnc2)cc1,inactive,2200.0
CHEMBL2311693,C=C(Cc1cccc(C)c1)C1=CC=C(c2ccc(C)cc2)C1,inactive,13000.0
CHEMBL2311692,O=C(Oc1cncc(Br)c1)c1cccs1,active,500.0
CHEMBL2311691,CCN(CC)c1ccc(C(=O)On2nnc3ccccc32)cc1,active,11100.0
CHEMBL2397338,CC(C)C[C@@H]1NC(=O)[C@@H](NC(=O)OCc2ccccc2)Cc2cn(nn2)CCCNC(=O)CC[C@@H](C=O)NC1=O,active,15500.0
CHEMBL2402686,COc1ccccc1NCC(=O)N[C@@H](CC(C)C)C(=O)N[C@@H](C[C@@H]1CCNC1=O)C(=O)c1nc2ccccc2s1,active,14000.0
CHEMBL2402685,COc1cccc(NCC(=O)N[C@@H](CC(C)C)C(=O)N[C@@H](C[C@@H]2CCNC2=O)C(=O)c2nc3ccccc3s2)c1,active,10000.0
CHEMBL2402680,CC(C)C[C@H](NC(=O)COc1ccccc1)C(=O)N[C@@H](C[C@@H]1CCNC1=O)C(=O)c1nc2ccccc2s1,active,24000.0
CHEMBL2402508,COc1ccc(CC(=O)N[C@@H](CC(C)C)C(=O)N[C@@H](C[C@@H]2CCNC2=O)C(=O)c2nc3ccccc3s2)cc1,active,43000.0
CHEMBL2402501,CC(C)C[C@H](NC(=O)OCc1ccccc1)C(=O)N[C@@H](C[C@@H]1CCNC1=O)C(=O)c1nc2ccccc2s1,active,21000.0
CHEMBL18786,CN(C)CCCSc1ccccc1NC(=O)/C=C/c1ccccc1,active,323000.0
CHEMBL1929019,CC(=O)N[C@@H](CO)C(=O)N[C@@H](C)C(=O)N[C@H](C(=O)N[C@@H](CC1CCCCC1)C(=O)N[C@H](C=O)Cc1c[nH]cn1)C(C)C,active,65.0
CHEMBL2402692,COC(=O)/C=C/[C@H](C[C@@H]1CCNC1=O)NC(=O)[C@H](CC(C)C)NC(=O)[C@@H](NC(=O)OCc1ccccc1)C(C)C,active,9100.0
CHEMBL2402691,CC(=O)N[C@H](C(=O)N[C@H](C(=O)N[C@@H](CC(C)C)C(=O)N[C@@H](CCC(=O)N(C)C)C(=O)Cn1[nH]c(=O)c2c([N+](=O)[O-])cccc2c1=O)[C@H](C)OCc1ccccc1)C(C)C,active,600.0
CHEMBL406516,CC(C)C[C@H](NC(=O)[C@@H](NC(=O)[C@H](C)NC(=O)OCc1ccccc1)C(C)C)C(=O)NC(Cc1ccccc1)C(=O)C(F)(F)F,active,10000.0
CHEMBL2442082,CCC(C)(C)NC(=O)[C@@H](c1ccn(C)c1)N(C(=O)Cn1nnc2ccccc21)c1ccc(NC(C)=O)cc1,active,6200.0
CHEMBL2442053,COc1ncc(-c2ccc(N(Cc3ccsc3)C(=O)Cn3nnc4ccccc43)cc2)cn1,active,12500.0
CHEMBL2442054,O=C(Cn1nnc2ccccc21)N(Cc1ccsc1)c1ccc(-c2ccncc2)cc1,active,2000.0
CHEMBL2442055,COc1ncccc1-c1ccc(N(Cc2ccsc2)C(=O)Cn2nnc3ccccc32)cc1,active,700.0
